{
    "run": {
        "pred_dataframe": "{\"columns\":[\"index\",\"measure_0\",\"measure_1\",\"objective\",\"solution_0\",\"solution_1\",\"solution_2\",\"solution_3\",\"solution_4\",\"solution_5\",\"solution_6\",\"solution_7\",\"solution_8\",\"solution_9\",\"solution_10\"],\"index\":[0,1,2,3,4,5,6,7,8,9,10,11,12,13,14,15,16,17,18,19,20,21,22,23,24,25,26,27,28,29,30],\"data\":[[0,0.2625,0.0725,0.3613460077,0.00375,0.2625,0.0725,-0.75,0.005,0.6,-0.05875,-0.375,0.0057750729,-5.3533994115,9.8538897576],[24,0.2625,0.1875,0.3545365196,0.00375,0.2625,0.1875,-0.75,0.005,0.6,-0.05875,-0.81,0.01,-3.4654238286,10.5942547265],[99,0.3135898069,0.1875,0.345360839,0.05,0.3135898069,0.1875,0.25,0.005,0.3,-0.05875,-0.81,0.01,-2.4695733438,11.413],[374,0.5039943474,0.1875,0.3468772208,0.05,0.5039943474,0.1875,-0.4045589834,0.005,0.3,-0.05875,-0.375,0.0,-2.5956714353,10.7266512273],[399,0.527602686,0.1875,0.351005827,0.00375,0.527602686,0.1875,-0.75,0.04,0.6,-0.05875,-0.81,0.0,-3.8885357987,10.4480426225],[549,0.6214475684,0.1875,0.3466390186,0.05,0.6214475684,0.1875,0.0650504509,0.005,0.4807975275,-0.05875,-0.375,0.0,-4.0415489087,9.5752162148],[600,0.6875,0.0725,0.4267948536,0.00375,0.6875,0.0725,-0.3067089243,0.005,0.6,-0.05875,-0.7219383737,0.01,-5.6494480614,8.9488434226],[125,0.357197197,0.0725,0.3536473974,0.00375,0.357197197,0.0725,-0.4154825393,0.0381222895,0.4441617856,-0.05875,-0.81,0.01,-6.0,2.5308022444],[587,0.6624523487,0.1280867369,0.3508218743,0.00375,0.6624523487,0.1280867369,-0.4614428025,0.04,0.3,-0.05875,-0.375,0.01,-3.1745992594,4.5649816109],[624,0.6875,0.1875,0.3508665557,0.05,0.6875,0.1875,-0.223585494,0.04,0.3,-0.05875,-0.81,0.0,-4.4745642346,11.3662372553],[199,0.3898904681,0.1875,0.3493042214,0.05,0.3898904681,0.1875,-0.0253910085,0.005,0.6,-0.05875,-0.81,0.01,-4.5241050193,10.8320372766],[300,0.4817827358,0.0725,0.350240718,0.05,0.4817827358,0.0725,-0.057917445,0.04,0.4504044329,-0.05875,-0.81,0.0,-4.2963396097,9.0568670157],[4,0.2625,0.0954261674,0.3431785619,0.05,0.2625,0.0954261674,-0.3911542152,0.005,0.3,-0.05875,-0.375,0.0,-2.8436843442,4.3161745012],[324,0.4744101935,0.1875,0.3517599037,0.00375,0.4744101935,0.1875,-0.75,0.034272692,0.6,-0.05875,-0.4944641496,0.01,-3.6382059639,10.3745865409],[603,0.6875,0.0863830546,0.5828124807,0.05,0.6875,0.0863830546,0.0126003923,0.005,0.3,-0.05875,-0.553198244,0.01,-3.4088381732,9.8868534461],[100,0.3473123384,0.0725,0.3499240261,0.05,0.3473123384,0.0725,0.1194546923,0.04,0.6,-0.05875,-0.375,0.0,-4.0950321128,4.4693096391],[274,0.4354003761,0.1875,0.3498593821,0.05,0.4354003761,0.1875,0.25,0.005,0.6,-0.05875,-0.81,0.01,-4.4737311637,10.0582936798],[424,0.5441001516,0.1875,0.3489921687,0.00375,0.5441001516,0.1875,-0.3329666015,0.04,0.6,-0.05875,-0.375,0.0,-3.6207253368,6.927512],[500,0.6031918573,0.0725,0.3520383206,0.05,0.6031918573,0.0725,-0.2641837213,0.04,0.3,-0.05875,-0.81,0.0,-4.0226028413,9.207142914],[525,0.6233307837,0.0725,0.2101414382,0.05,0.6233307837,0.0725,0.25,0.005,0.3,-0.05875,-0.81,0.01,-4.6726735318,9.7795843254],[349,0.4895681072,0.1875,0.3483957956,0.05,0.4895681072,0.1875,0.25,0.04,0.3,-0.05875,-0.375,0.01,-2.2170420586,9.989342745],[441,0.5616323272,0.1485755947,0.3446424029,0.05,0.5616323272,0.1485755947,-0.1598356736,0.005,0.447400159,-0.05875,-0.81,0.01,-3.9004996972,10.8048047981],[574,0.6374324214,0.1875,0.3542359046,0.00375,0.6374324214,0.1875,-0.4535824712,0.005,0.6,-0.05875,-0.375,0.0,-6.0,8.7010029115],[50,0.3019955593,0.0725,0.3511580015,0.00375,0.3019955593,0.0725,-0.3627997369,0.005,0.3,-0.05875,-0.6869401928,0.0,-3.6702464292,6.690528322],[200,0.4095271845,0.0725,0.3553714228,0.05,0.4095271845,0.0725,-0.75,0.005,0.3,-0.05875,-0.375,0.01,-3.3616574486,8.2017806531],[249,0.4170360888,0.1875,0.3466098476,0.05,0.4170360888,0.1875,-0.5250437131,0.005,0.3,-0.05875,-0.81,0.0,-3.4658421362,10.9613513412],[550,0.6521862639,0.0725,0.355173318,0.05,0.6521862639,0.0725,0.25,0.005,0.3,-0.05875,-0.375,0.0,-2.7700321606,6.3516867253],[75,0.3171624272,0.0725,0.3550466316,0.00375,0.3171624272,0.0725,-0.1877664279,0.005,0.3,-0.05875,-0.6285300336,0.0,-4.2509728341,10.9327764591],[149,0.3585260374,0.1875,0.3532567611,0.00375,0.3585260374,0.1875,-0.75,0.005,0.6,-0.05875,-0.81,0.01,-3.8379065469,6.821255304],[250,0.4456572429,0.0725,0.3613832847,0.00375,0.4456572429,0.0725,-0.1888081906,0.04,0.6,-0.05875,-0.375,0.01,-4.1255792075,8.8343525587],[450,0.5828765753,0.0725,0.3565328515,0.00375,0.5828765753,0.0725,-0.75,0.005,0.3703290062,-0.05875,-0.8020236594,0.0,-3.8396613636,8.0587127492]]}",
        "verified_obj_dataframe": "{\"columns\":[\"index\",\"measure_0\",\"measure_1\",\"objective\",\"solution_0\",\"solution_1\",\"solution_2\",\"solution_3\",\"solution_4\",\"solution_5\",\"solution_6\",\"solution_7\",\"solution_8\",\"solution_9\",\"solution_10\"],\"index\":[0,1,2,3,4,5,6,7,8,9,10,11,12],\"data\":[[50,0.3019955593,0.0725,0.826805462,0.00375,0.3019955593,0.0725,-0.3627997369,0.005,0.3,-0.05875,-0.6869401928,0.0,-3.6702464292,6.690528322],[149,0.3585260374,0.1875,0.0000025209,0.00375,0.3585260374,0.1875,-0.75,0.005,0.6,-0.05875,-0.81,0.01,-3.8379065469,6.821255304],[199,0.3898904681,0.1875,-0.0000000005,0.05,0.3898904681,0.1875,-0.0253910085,0.005,0.6,-0.05875,-0.81,0.01,-4.5241050193,10.8320372766],[250,0.4456572429,0.0725,0.2464668191,0.00375,0.4456572429,0.0725,-0.1888081906,0.04,0.6,-0.05875,-0.375,0.01,-4.1255792075,8.8343525587],[274,0.4354003761,0.1875,-0.0000000069,0.05,0.4354003761,0.1875,0.25,0.005,0.6,-0.05875,-0.81,0.01,-4.4737311637,10.0582936798],[300,0.4817827358,0.0725,0.1401140776,0.05,0.4817827358,0.0725,-0.057917445,0.04,0.4504044329,-0.05875,-0.81,0.0,-4.2963396097,9.0568670157],[324,0.4744101935,0.1875,-1.33059828e-16,0.00375,0.4744101935,0.1875,-0.75,0.034272692,0.6,-0.05875,-0.4944641496,0.01,-3.6382059639,10.3745865409],[349,0.4895681072,0.1875,-0.0000123294,0.05,0.4895681072,0.1875,0.25,0.04,0.3,-0.05875,-0.375,0.01,-2.2170420586,9.989342745],[450,0.5828765753,0.0725,0.9361710809,0.00375,0.5828765753,0.0725,-0.75,0.005,0.3703290062,-0.05875,-0.8020236594,0.0,-3.8396613636,8.0587127492],[500,0.6031918573,0.0725,0.0582032419,0.05,0.6031918573,0.0725,-0.2641837213,0.04,0.3,-0.05875,-0.81,0.0,-4.0226028413,9.207142914],[525,0.6233307837,0.0725,0.1388316929,0.05,0.6233307837,0.0725,0.25,0.005,0.3,-0.05875,-0.81,0.01,-4.6726735318,9.7795843254],[549,0.6214475684,0.1875,0.0000002081,0.05,0.6214475684,0.1875,0.0650504509,0.005,0.4807975275,-0.05875,-0.375,0.0,-4.0415489087,9.5752162148],[600,0.6875,0.0725,0.0060282869,0.00375,0.6875,0.0725,-0.3067089243,0.005,0.6,-0.05875,-0.7219383737,0.01,-5.6494480614,8.9488434226]]}",