{
    "run_custom_0": {
        "pred_dataframe": "{\"columns\":[\"index\",\"measure_0\",\"measure_1\",\"objective\",\"solution_0\",\"solution_1\",\"solution_2\",\"solution_3\",\"solution_4\",\"solution_5\",\"solution_6\",\"solution_7\",\"solution_8\",\"solution_9\",\"solution_10\"],\"index\":[0,1,2,3,4,5,6,7,8,9,10,11,12,13,14,15,16,17,18,19,20,21,22,23,24,25,26,27,28,29],\"data\":[[24,0.2790141565,0.1875,2.905570581,0.00375,0.2790141565,0.1875,-0.3168019659,0.005,0.6,-0.05875,-0.81,0.0,-2.2155499263,9.7918239148],[39,0.2890625,0.1371875,2.999999952,0.047109375,0.2890625,0.1371875,0.1875,0.0159375,0.43125,-0.049984375,-0.5109375,0.004375,-2.76015625,10.8559375],[49,0.2807947132,0.1875,2.9535312337,0.00375,0.2807947132,0.1875,0.2344396482,0.005,0.6,-0.05875,-0.81,0.0,-2.0125,10.1269430106],[61,0.30234375,0.12640625,2.7235655559,0.0254296875,0.30234375,0.12640625,-0.46875,0.02796875,0.515625,-0.0426796875,-0.60609375,0.0090625,-3.881640625,2.77853125],[74,0.2983267582,0.1875,3.0120262348,0.00375,0.2983267582,0.1875,-0.0555733861,0.005,0.6,-0.05875,-0.81,0.0,-2.6900224128,10.578878237],[99,0.3245557092,0.1875,2.9362450281,0.00375,0.3245557092,0.1875,-0.3278220861,0.005,0.6,-0.05875,-0.5815825765,0.0,-2.1616010714,9.7299472555],[123,0.3421875,0.1803125,3.8863552587,0.018203125,0.3421875,0.1803125,-0.1875,0.0203125,0.54375,-0.020765625,-0.6740625,0.000625,-2.26171875,9.7418125],[124,0.3445537406,0.1875,2.7615181897,0.00375,0.3445537406,0.1875,-0.2898424167,0.005,0.6,-0.05875,-0.375,0.0,-2.4680257387,6.4143380138],[127,0.35546875,0.08328125,2.4082629675,0.0427734375,0.35546875,0.08328125,-0.59375,0.02359375,0.328125,-0.0251484375,-0.55171875,0.0053125,-3.383203125,3.89265625],[149,0.3554714078,0.1875,2.9665345823,0.05,0.3554714078,0.1875,-0.371137203,0.0063853683,0.3512520173,-0.05875,-0.7653344255,0.0,-2.1444671109,9.8236256227],[199,0.3944393255,0.1875,3.3475176034,0.05,0.3944393255,0.1875,0.25,0.005,0.3,-0.05875,-0.5255564794,0.0,-2.7765314653,11.3272173552],[224,0.4025098203,0.1875,3.4041590487,0.0408168571,0.4025098203,0.1875,0.25,0.005,0.3845582447,-0.05875,-0.81,0.0,-2.3582047834,11.413],[254,0.4484375,0.0940625,2.2600799493,0.029765625,0.4484375,0.0940625,0.0625,0.0290625,0.46875,-0.055828125,-0.7828125,0.003125,-5.25234375,7.5135625],[274,0.433722217,0.1875,2.7474888903,0.00375,0.433722217,0.1875,-0.75,0.005,0.3,-0.05875,-0.375,0.01,-3.0984012443,11.413],[296,0.46171875,0.16953125,3.3184778943,0.0080859375,0.46171875,0.16953125,-0.34375,0.01484375,0.403125,-0.0368359375,-0.44296875,0.0078125,-4.380078125,6.12090625],[351,0.5015625,0.0796875,2.204350475,0.023984375,0.5015625,0.0796875,-0.3125,0.0334375,0.58125,-0.026609375,-0.7284375,0.009375,-4.75390625,6.3994375],[374,0.51484375,0.18390625,1.5171694842,0.0485546875,0.51484375,0.18390625,0.03125,0.01046875,0.365625,-0.0193046875,-0.38859375,0.0040625,-5.875390625,7.23503125],[435,0.5546875,0.1228125,1.1465883824,0.041328125,0.5546875,0.1228125,-0.6875,0.0378125,0.39375,-0.044140625,-0.4565625,0.005625,-4.25546875,5.2853125],[439,0.56796875,0.14078125,2.3668559984,0.0196484375,0.56796875,0.14078125,-0.09375,0.00609375,0.478125,-0.0485234375,-0.76921875,0.0003125,-5.376953125,8.34915625],[0,0.2625,0.0725,2.4943766601,0.05,0.2625,0.0725,-0.4379412555,0.005,0.5348386614,-0.05875,-0.375,0.01,-4.1550939848,6.2423397161],[150,0.3749156005,0.0725,2.4884846265,0.05,0.3749156005,0.0725,-0.3005058157,0.005,0.5289030076,-0.05875,-0.3980814097,0.0,-5.0284973197,6.7341319579],[174,0.3664837218,0.1875,3.1526769285,0.05,0.3664837218,0.1875,0.0911925256,0.005,0.3825032115,-0.05875,-0.5584903289,0.0,-2.0125,9.7419521372],[324,0.4703839793,0.1875,2.5654618198,0.00375,0.4703839793,0.1875,-0.4016833964,0.005,0.4259431382,-0.05875,-0.375,0.01,-5.2993887386,6.4502346208],[500,0.616881067,0.0725,2.4713003678,0.00375,0.616881067,0.0725,-0.1636547659,0.005,0.6,-0.05875,-0.6033286316,0.0,-5.4246864444,8.3707847282],[6,0.2625,0.10432746,2.5322306452,0.05,0.2625,0.10432746,0.2260370574,0.005,0.3,-0.05875,-0.375,0.01,-2.31394151,10.0462062372],[173,0.3648565058,0.1810070422,2.4255752828,0.0270463456,0.3648565058,0.1810070422,-0.2276942827,0.04,0.6,-0.05875,-0.6973788582,0.01,-4.0566450163,2.6619055294],[400,0.5484443201,0.0725,2.4722470711,0.00375,0.5484443201,0.0725,-0.073554789,0.005,0.6,-0.05875,-0.7432144459,0.0,-4.8308860447,7.6846379196],[425,0.5577729003,0.0725,2.4090930827,0.05,0.5577729003,0.0725,-0.5471432578,0.0322332424,0.6,-0.05875,-0.4524451874,0.01,-4.2358356876,2.8588218069],[450,0.5728150645,0.0725,2.4752200045,0.00375,0.5728150645,0.0725,-0.3816204943,0.005,0.6,-0.05875,-0.375,0.01,-5.1288756385,6.6753071771],[608,0.6875,0.1114335443,2.5236391445,0.05,0.6875,0.1114335443,0.0980317438,0.005,0.4104336093,-0.05875,-0.375,0.0,-3.0405471738,10.0506128327]]}",