{
    "run_custom_eval_pred_1": {
        "pred_dataframe": "{\"columns\":[\"index\",\"measure_0\",\"measure_1\",\"objective\",\"solution_0\",\"solution_1\",\"solution_2\",\"solution_3\",\"solution_4\",\"solution_5\",\"solution_6\",\"solution_7\",\"solution_8\",\"solution_9\",\"solution_10\"],\"index\":[0,1,2,3,4,5,6,7,8,9,10,11,12,13,14,15,16,17,18,19,20,21,22,23,24,25,26,27],\"data\":[[0,0.2625,0.0725,1.6629752278,0.0388661147,0.2625,0.0725,-0.75,0.005,0.3,-0.05875,-0.4682472318,0.01,-2.3259860815,10.4250442353],[24,0.2761350684,0.1875,2.7718533145,0.05,0.2761350684,0.1875,-0.1350499414,0.005,0.6,-0.05875,-0.375,0.0,-2.8944294855,9.4301752687],[50,0.3032452155,0.0725,1.3969603682,0.05,0.3032452155,0.0725,-0.75,0.04,0.3,-0.05875,-0.81,0.0,-3.3650501138,3.2665802783],[61,0.30234375,0.12640625,2.7235655559,0.0254296875,0.30234375,0.12640625,-0.46875,0.02796875,0.515625,-0.0426796875,-0.60609375,0.0090625,-3.881640625,2.77853125],[74,0.3088617473,0.1875,2.2062717933,0.00375,0.3088617473,0.1875,0.25,0.04,0.6,-0.05875,-0.7940785887,0.01,-4.8212206577,7.5715928367],[99,0.3268710569,0.1875,2.6906518577,0.05,0.3268710569,0.1875,-0.3744904037,0.005,0.3268432474,-0.05875,-0.81,0.01,-3.5910577188,3.4258106597],[123,0.3421875,0.1803125,3.8863552587,0.018203125,0.3421875,0.1803125,-0.1875,0.0203125,0.54375,-0.020765625,-0.6740625,0.000625,-2.26171875,9.7418125],[124,0.3446010927,0.1875,2.1584375321,0.05,0.3446010927,0.1875,0.25,0.04,0.6,-0.05875,-0.81,0.0071479334,-4.4256687825,5.7552567681],[127,0.35546875,0.08328125,2.4082629675,0.0427734375,0.35546875,0.08328125,-0.59375,0.02359375,0.328125,-0.0251484375,-0.55171875,0.0053125,-3.383203125,3.89265625],[199,0.3872430386,0.1875,2.1736815376,0.00375,0.3872430386,0.1875,-0.4600347441,0.04,0.6,-0.05875,-0.4106206297,0.01,-2.0962208058,10.0779096486],[217,0.40859375,0.15515625,3.9582603273,0.0369921875,0.40859375,0.15515625,-0.71875,0.01921875,0.590625,-0.0309921875,-0.71484375,0.0065625,-4.878515625,5.00678125],[249,0.4249726223,0.1875,2.8496123249,0.05,0.4249726223,0.1875,0.0531465456,0.005,0.3,-0.05875,-0.5364521693,0.01,-4.6690493879,5.8023338462],[254,0.4484375,0.0940625,2.2600799493,0.029765625,0.4484375,0.0940625,0.0625,0.0290625,0.46875,-0.055828125,-0.7828125,0.003125,-5.25234375,7.5135625],[267,0.438938717,0.1517114536,3.0835302094,0.05,0.438938717,0.1517114536,-0.3104979685,0.04,0.3,-0.05875,-0.81,0.01,-4.1285239793,10.4541162643],[274,0.447915186,0.1875,1.862914632,0.00375,0.447915186,0.1875,-0.75,0.04,0.6,-0.05875,-0.81,0.0,-3.6393170487,5.4344801225],[296,0.46171875,0.16953125,3.3184778943,0.0080859375,0.46171875,0.16953125,-0.34375,0.01484375,0.403125,-0.0368359375,-0.44296875,0.0078125,-4.380078125,6.12090625],[350,0.5018946101,0.0725,1.6429125246,0.05,0.5018946101,0.0725,-0.75,0.005,0.3,-0.05875,-0.81,0.01,-2.6865217278,9.4865012661],[351,0.5015625,0.0796875,2.204350475,0.023984375,0.5015625,0.0796875,-0.3125,0.0334375,0.58125,-0.026609375,-0.7284375,0.009375,-4.75390625,6.3994375],[374,0.51484375,0.18390625,1.5171694842,0.0485546875,0.51484375,0.18390625,0.03125,0.01046875,0.365625,-0.0193046875,-0.38859375,0.0040625,-5.875390625,7.23503125],[400,0.5472078451,0.0725,1.5983515464,0.05,0.5472078451,0.0725,0.25,0.04,0.3,-0.05875,-0.67178148,0.0,-2.9627023419,10.0021981078],[425,0.5597789046,0.0725,1.809260276,0.05,0.5597789046,0.0725,-0.75,0.005,0.6,-0.05875,-0.81,0.0,-2.5683901507,6.650332131],[435,0.5546875,0.1228125,1.1465883824,0.041328125,0.5546875,0.1228125,-0.6875,0.0378125,0.39375,-0.044140625,-0.4565625,0.005625,-4.25546875,5.2853125],[439,0.56796875,0.14078125,2.3668559984,0.0196484375,0.56796875,0.14078125,-0.09375,0.00609375,0.478125,-0.0485234375,-0.76921875,0.0003125,-5.376953125,8.34915625],[450,0.5853326442,0.0725,1.0738507753,0.0088030077,0.5853326442,0.0725,-0.7370372334,0.04,0.6,-0.05875,-0.81,0.0,-6.0,8.4069871635],[465,0.5694835987,0.1460554869,0.7308531558,0.00375,0.5694835987,0.1460554869,0.1323071975,0.04,0.3,-0.05875,-0.375,0.01,-5.2929586344,7.6288253609],[525,0.6313257303,0.0725,1.4521572802,0.05,0.6313257303,0.0725,-0.3371698463,0.005,0.3,-0.05875,-0.81,0.0,-3.9082898768,10.0692058386],[530,0.62109375,0.09765625,0.7769489078,0.0138671875,0.62109375,0.09765625,-0.21875,0.03671875,0.440625,-0.0543671875,-0.49734375,0.0015625,-2.884765625,9.46328125],[600,0.6875,0.0725,0.8535049796,0.05,0.6875,0.0725,-0.722132488,0.005,0.6,-0.05875,-0.5165625328,0.01,-5.3141671591,5.157467493]]}",