{
    "run_custom_prediction_verification_1": {
        "pred_dataframe": "{\"columns\":[\"index\",\"measure_0\",\"measure_1\",\"objective\",\"solution_0\",\"solution_1\",\"solution_2\",\"solution_3\",\"solution_4\",\"solution_5\",\"solution_6\",\"solution_7\",\"solution_8\",\"solution_9\",\"solution_10\"],\"index\":[0,1,2,3,4,5,6,7,8,9,10,11,12,13,14,15,16,17],\"data\":[[12,0.2625,0.1279157766,2.3089187516,0.05,0.2625,0.1279157766,-0.75,0.005,0.6,-0.05875,-0.81,0.01,-3.8043366906,2.5],[24,0.2625,0.1875,2.4268262293,0.05,0.2625,0.1875,-0.6191410085,0.005,0.6,-0.05875,-0.81,0.01,-4.8979331443,5.5399435266],[61,0.30234375,0.12640625,2.7235655559,0.0254296875,0.30234375,0.12640625,-0.46875,0.02796875,0.515625,-0.0426796875,-0.60609375,0.0090625,-3.881640625,2.77853125],[123,0.3421875,0.1803125,3.8863552587,0.018203125,0.3421875,0.1803125,-0.1875,0.0203125,0.54375,-0.020765625,-0.6740625,0.000625,-2.26171875,9.7418125],[127,0.35546875,0.08328125,2.4082629675,0.0427734375,0.35546875,0.08328125,-0.59375,0.02359375,0.328125,-0.0251484375,-0.55171875,0.0053125,-3.383203125,3.89265625],[199,0.3881626531,0.1875,2.6878935223,0.00375,0.3881626531,0.1875,-0.2097804403,0.005,0.3923649206,-0.05875,-0.375,0.01,-5.1638544466,6.5754123909],[217,0.40859375,0.15515625,3.9582603273,0.0369921875,0.40859375,0.15515625,-0.71875,0.01921875,0.590625,-0.0309921875,-0.71484375,0.0065625,-4.878515625,5.00678125],[224,0.4048930496,0.1875,2.4847815871,0.00375,0.4048930496,0.1875,-0.75,0.005,0.3,-0.05875,-0.375,0.01,-3.729331705,3.7503317457],[249,0.4194446572,0.1875,2.6840574982,0.00375,0.4194446572,0.1875,-0.3867958259,0.005,0.3650457161,-0.05875,-0.5092999601,0.01,-4.0226356273,7.7375728102],[254,0.4484375,0.0940625,2.2600799493,0.029765625,0.4484375,0.0940625,0.0625,0.0290625,0.46875,-0.055828125,-0.7828125,0.003125,-5.25234375,7.5135625],[264,0.4416258946,0.1408485286,2.8672933125,0.00375,0.4416258946,0.1408485286,-0.75,0.005,0.5276785574,-0.05875,-0.6932031411,0.01,-3.7675271588,4.5468351161],[296,0.46171875,0.16953125,3.3184778943,0.0080859375,0.46171875,0.16953125,-0.34375,0.01484375,0.403125,-0.0368359375,-0.44296875,0.0078125,-4.380078125,6.12090625],[299,0.4573243442,0.1830305676,2.3730703811,0.00375,0.4573243442,0.1830305676,-0.0331779432,0.005,0.6,-0.05875,-0.6133696778,0.01,-3.3198510756,6.9851329065],[351,0.5015625,0.0796875,2.204350475,0.023984375,0.5015625,0.0796875,-0.3125,0.0334375,0.58125,-0.026609375,-0.7284375,0.009375,-4.75390625,6.3994375],[374,0.51484375,0.18390625,1.5171694842,0.0485546875,0.51484375,0.18390625,0.03125,0.01046875,0.365625,-0.0193046875,-0.38859375,0.0040625,-5.875390625,7.23503125],[424,0.5429671635,0.1875,0.0955824022,0.05,0.5429671635,0.1875,-0.75,0.005,0.6,-0.05875,-0.7920441099,0.01,-4.3549444676,2.6037995144],[435,0.5546875,0.1228125,1.1465883824,0.041328125,0.5546875,0.1228125,-0.6875,0.0378125,0.39375,-0.044140625,-0.4565625,0.005625,-4.25546875,5.2853125],[439,0.56796875,0.14078125,2.3668559984,0.0196484375,0.56796875,0.14078125,-0.09375,0.00609375,0.478125,-0.0485234375,-0.76921875,0.0003125,-5.376953125,8.34915625]]}",
        "verified_obj_dataframe": "{\"columns\":[\"index\",\"measure_0\",\"measure_1\",\"objective\",\"solution_0\",\"solution_1\",\"solution_2\",\"solution_3\",\"solution_4\",\"solution_5\",\"solution_6\",\"solution_7\",\"solution_8\",\"solution_9\",\"solution_10\"],\"index\":[0,1,2,3,4,5,6,7,8,9,10,11,12,13,14,15,16,17],\"data\":[[12,0.2625,0.1279157766,2.3089187516,0.05,0.2625,0.1279157766,-0.75,0.005,0.6,-0.05875,-0.81,0.01,-3.8043366906,2.5],[24,0.2625,0.1875,2.4268262293,0.05,0.2625,0.1875,-0.6191410085,0.005,0.6,-0.05875,-0.81,0.01,-4.8979331443,5.5399435266],[61,0.30234375,0.12640625,2.7235655559,0.0254296875,0.30234375,0.12640625,-0.46875,0.02796875,0.515625,-0.0426796875,-0.60609375,0.0090625,-3.881640625,2.77853125],[123,0.3421875,0.1803125,3.8863552587,0.018203125,0.3421875,0.1803125,-0.1875,0.0203125,0.54375,-0.020765625,-0.6740625,0.000625,-2.26171875,9.7418125],[127,0.35546875,0.08328125,2.4082629675,0.0427734375,0.35546875,0.08328125,-0.59375,0.02359375,0.328125,-0.0251484375,-0.55171875,0.0053125,-3.383203125,3.89265625],[199,0.3881626531,0.1875,2.6878935223,0.00375,0.3881626531,0.1875,-0.2097804403,0.005,0.3923649206,-0.05875,-0.375,0.01,-5.1638544466,6.5754123909],[217,0.40859375,0.15515625,3.9582603273,0.0369921875,0.40859375,0.15515625,-0.71875,0.01921875,0.590625,-0.0309921875,-0.71484375,0.0065625,-4.878515625,5.00678125],[224,0.4048930496,0.1875,2.4847815871,0.00375,0.4048930496,0.1875,-0.75,0.005,0.3,-0.05875,-0.375,0.01,-3.729331705,3.7503317457],[249,0.4194446572,0.1875,2.6840574982,0.00375,0.4194446572,0.1875,-0.3867958259,0.005,0.3650457161,-0.05875,-0.5092999601,0.01,-4.0226356273,7.7375728102],[254,0.4484375,0.0940625,2.2600799493,0.029765625,0.4484375,0.0940625,0.0625,0.0290625,0.46875,-0.055828125,-0.7828125,0.003125,-5.25234375,7.5135625],[264,0.4416258946,0.1408485286,2.8672933125,0.00375,0.4416258946,0.1408485286,-0.75,0.005,0.5276785574,-0.05875,-0.6932031411,0.01,-3.7675271588,4.5468351161],[296,0.46171875,0.16953125,3.3184778943,0.0080859375,0.46171875,0.16953125,-0.34375,0.01484375,0.403125,-0.0368359375,-0.44296875,0.0078125,-4.380078125,6.12090625],[299,0.4573243442,0.1830305676,2.3730703811,0.00375,0.4573243442,0.1830305676,-0.0331779432,0.005,0.6,-0.05875,-0.6133696778,0.01,-3.3198510756,6.9851329065],[351,0.5015625,0.0796875,2.204350475,0.023984375,0.5015625,0.0796875,-0.3125,0.0334375,0.58125,-0.026609375,-0.7284375,0.009375,-4.75390625,6.3994375],[374,0.51484375,0.18390625,1.5171694842,0.0485546875,0.51484375,0.18390625,0.03125,0.01046875,0.365625,-0.0193046875,-0.38859375,0.0040625,-5.875390625,7.23503125],[424,0.5429671635,0.1875,0.0955824022,0.05,0.5429671635,0.1875,-0.75,0.005,0.6,-0.05875,-0.7920441099,0.01,-4.3549444676,2.6037995144],[435,0.5546875,0.1228125,1.1465883824,0.041328125,0.5546875,0.1228125,-0.6875,0.0378125,0.39375,-0.044140625,-0.4565625,0.005625,-4.25546875,5.2853125],[439,0.56796875,0.14078125,2.3668559984,0.0196484375,0.56796875,0.14078125,-0.09375,0.00609375,0.478125,-0.0485234375,-0.76921875,0.0003125,-5.376953125,8.34915625]]}",