{
    "run_vanilla_1": {
        "pred_dataframe": "{\"columns\":[\"index\",\"measure_0\",\"measure_1\",\"objective\",\"solution_0\",\"solution_1\",\"solution_2\",\"solution_3\",\"solution_4\",\"solution_5\",\"solution_6\",\"solution_7\",\"solution_8\",\"solution_9\",\"solution_10\"],\"index\":[0,1,2,3,4,5,6,7,8,9,10,11,12,13,14,15,16,17,18,19,20,21,22,23,24,25,26,27,28,29,30,31],\"data\":[[0,0.2625,0.0725,0.045859937,0.05,0.2625,0.0725,-0.75,0.04,0.3,-0.05875,-0.375,0.01,-3.5654724807,2.8714779349],[19,0.2625,0.1630653563,0.0237944638,0.00375,0.2625,0.1630653563,-0.2284848647,0.005,0.6,-0.05875,-0.81,0.001513625,-2.3357896392,10.2101671342],[24,0.2625,0.1875,0.0460448209,0.05,0.2625,0.1875,-0.0669942348,0.04,0.3,-0.05875,-0.375,0.01,-2.0125,4.0976348479],[61,0.30234375,0.12640625,0.0318081524,0.0254296875,0.30234375,0.12640625,-0.46875,0.02796875,0.515625,-0.05875,-0.60609375,0.0090625,-3.881640625,2.77853125],[123,0.3421875,0.1803125,0.0409870345,0.018203125,0.3421875,0.1803125,-0.1875,0.0203125,0.54375,-0.05875,-0.6740625,0.000625,-2.26171875,9.7418125],[127,0.35546875,0.08328125,0.0439695339,0.0427734375,0.35546875,0.08328125,-0.59375,0.02359375,0.328125,-0.05875,-0.55171875,0.0053125,-3.383203125,3.89265625],[149,0.3513983638,0.1875,0.046160448,0.05,0.3513983638,0.1875,-0.2802308075,0.005,0.3,-0.05875,-0.81,0.01,-3.3004748126,4.0730900694],[200,0.4069156901,0.0725,0.044717062,0.05,0.4069156901,0.0725,0.25,0.04,0.3,-0.05875,-0.8054379601,0.0,-4.4113421838,6.3631462155],[225,0.428806763,0.0725,0.0457095725,0.00375,0.428806763,0.0725,0.25,0.04,0.6,-0.05875,-0.375,0.01,-2.0125,9.5896195416],[250,0.4431799367,0.0725,0.0456145538,0.05,0.4431799367,0.0725,-0.75,0.005,0.4541589451,-0.05875,-0.81,0.0,-2.1025776001,6.3984466112],[254,0.4484375,0.0940625,0.0201475969,0.029765625,0.4484375,0.0940625,0.0625,0.0290625,0.46875,-0.05875,-0.7828125,0.003125,-5.25234375,7.5135625],[275,0.4538693086,0.0725,0.0353995102,0.00375,0.4538693086,0.0725,-0.12142955,0.005,0.3,-0.05875,-0.81,0.01,-2.7654608987,7.9723857491],[296,0.46171875,0.16953125,0.0375194187,0.0080859375,0.46171875,0.16953125,-0.34375,0.01484375,0.403125,-0.05875,-0.44296875,0.0078125,-4.380078125,6.12090625],[350,0.5037995337,0.0725,0.0459297653,0.05,0.5037995337,0.0725,0.2210709696,0.005,0.3,-0.05875,-0.81,0.01,-6.0,8.2418871293],[351,0.5015625,0.0796875,0.0410413914,0.023984375,0.5015625,0.0796875,-0.3125,0.0334375,0.58125,-0.05875,-0.7284375,0.009375,-4.75390625,6.3994375],[374,0.5029305591,0.1875,0.1376572599,0.05,0.5029305591,0.1875,-0.5812069088,0.005,0.3,-0.05875,-0.375,0.01,-2.7484799608,9.8359666562],[400,0.5362902884,0.0725,0.0454622558,0.00375,0.5362902884,0.0725,-0.75,0.04,0.6,-0.05875,-0.81,0.0,-6.0,6.5150993271],[425,0.5559783691,0.0725,0.0455291054,0.00375,0.5559783691,0.0725,-0.75,0.005,0.3,-0.05875,-0.81,0.0,-3.9964231915,5.4809626826],[435,0.5546875,0.1228125,0.0662301219,0.041328125,0.5546875,0.1228125,-0.6875,0.0378125,0.39375,-0.05875,-0.4565625,0.005625,-4.25546875,5.2853125],[439,0.56796875,0.14078125,0.0356724558,0.0196484375,0.56796875,0.14078125,-0.09375,0.00609375,0.478125,-0.05875,-0.76921875,0.0003125,-5.376953125,8.34915625],[499,0.5974494841,0.1875,0.0466583597,0.05,0.5974494841,0.1875,-0.75,0.04,0.3,-0.05875,-0.4501801097,0.0,-5.2476948893,9.186942989],[525,0.6217579703,0.0725,0.0457793561,0.05,0.6217579703,0.0725,-0.75,0.005,0.3,-0.05875,-0.81,0.01,-4.7312465806,2.5],[550,0.6435623607,0.0725,0.0501449876,0.05,0.6435623607,0.0725,-0.2287951,0.005,0.3,-0.05875,-0.81,0.0,-6.0,8.6175733297],[574,0.6528377218,0.1875,0.0461069565,0.05,0.6528377218,0.1875,-0.75,0.04,0.6,-0.05875,-0.375,0.0,-6.0,5.3246348329],[599,0.6630966225,0.1875,0.0460132198,0.05,0.6630966225,0.1875,-0.5913286094,0.005,0.6,-0.05875,-0.81,0.01,-3.9064683262,8.2948739007],[600,0.6875,0.0725,0.047150083,0.05,0.6875,0.0725,-0.75,0.04,0.3,-0.05875,-0.375,0.0,-4.5454506461,4.3653188972],[603,0.6875,0.0882618677,0.10314203,0.05,0.6875,0.0882618677,0.25,0.005,0.6,-0.05875,-0.5046269866,0.01,-5.6808895053,8.3900885316],[618,0.6875,0.1556165815,0.046238543,0.05,0.6875,0.1556165815,0.25,0.04,0.6,-0.05875,-0.375,0.01,-3.9563067721,6.4921336677],[624,0.6875,0.1875,0.0494549609,0.05,0.6875,0.1875,-0.75,0.005,0.3,-0.05875,-0.375,0.01,-5.7845616249,7.3120915952],[349,0.4924862955,0.1875,0.0464086741,0.05,0.4924862955,0.1875,-0.75,0.04,0.6,-0.05875,-0.375,0.01,-3.4565193758,7.6133666186],[4,0.2625,0.0949309485,0.0455949216,0.00375,0.2625,0.0949309485,0.1846177223,0.005,0.3,-0.05875,-0.375,0.01,-2.0125,3.4540741618],[300,0.4790610965,0.0725,0.0455878509,0.00375,0.4790610965,0.0725,0.1591920341,0.0191134118,0.6,-0.05875,-0.375,0.0,-6.0,8.4201303448]]}",