{
    "run_custom_prediction_verification_0": {
        "pred_dataframe": "{\"columns\":[\"index\",\"measure_0\",\"measure_1\",\"objective\",\"solution_0\",\"solution_1\",\"solution_2\",\"solution_3\",\"solution_4\",\"solution_5\",\"solution_6\",\"solution_7\",\"solution_8\",\"solution_9\",\"solution_10\"],\"index\":[0,1,2,3,4,5,6,7,8,9,10,11,12,13,14,15,16,17,18],\"data\":[[39,0.2890625,0.1371875,2.999999952,0.047109375,0.2890625,0.1371875,0.1875,0.0159375,0.43125,-0.049984375,-0.5109375,0.004375,-2.76015625,10.8559375],[49,0.2881515824,0.1875,2.9680700718,0.00375,0.2881515824,0.1875,-0.5623462028,0.005,0.5247555349,-0.05875,-0.81,0.0,-2.9698663631,9.9251575516],[61,0.30234375,0.12640625,2.7235655559,0.0254296875,0.30234375,0.12640625,-0.46875,0.02796875,0.515625,-0.0426796875,-0.60609375,0.0090625,-3.881640625,2.77853125],[99,0.3191007102,0.1875,3.1889889553,0.05,0.3191007102,0.1875,-0.0080564582,0.005,0.3181242558,-0.05875,-0.3998616937,0.0,-2.0125,9.3068645745],[123,0.3421875,0.1803125,3.8863552587,0.018203125,0.3421875,0.1803125,-0.1875,0.0203125,0.54375,-0.020765625,-0.6740625,0.000625,-2.26171875,9.7418125],[124,0.3351834339,0.1875,2.9031604644,0.0455780028,0.3351834339,0.1875,-0.1160778915,0.005,0.3,-0.05875,-0.7277979421,0.0,-2.4320850195,6.751021361],[127,0.35546875,0.08328125,2.4082629675,0.0427734375,0.35546875,0.08328125,-0.59375,0.02359375,0.328125,-0.0251484375,-0.55171875,0.0053125,-3.383203125,3.89265625],[149,0.3631516027,0.1875,2.5981728695,0.00375,0.3631516027,0.1875,-0.75,0.005,0.6,-0.05875,-0.81,0.0,-3.8718368213,5.8710380733],[174,0.3749174743,0.1875,3.0726971112,0.05,0.3749174743,0.1875,0.25,0.005,0.3234538165,-0.05875,-0.81,0.0,-3.3797816065,10.1614019779],[224,0.4072217092,0.1875,2.6659035688,0.00375,0.4072217092,0.1875,-0.417023644,0.005,0.3,-0.05875,-0.375,0.0,-3.0169314907,5.1915728038],[247,0.4234735774,0.1740264697,3.6192238107,0.05,0.4234735774,0.1740264697,-0.1086467129,0.005,0.3,-0.05875,-0.5799359616,0.0,-2.8642224188,10.8021500266],[254,0.4484375,0.0940625,2.2600799493,0.029765625,0.4484375,0.0940625,0.0625,0.0290625,0.46875,-0.055828125,-0.7828125,0.003125,-5.25234375,7.5135625],[274,0.4421281909,0.1875,3.1286641659,0.05,0.4421281909,0.1875,0.25,0.005,0.3,-0.05875,-0.375,0.0,-2.1174350122,11.2007491465],[296,0.46171875,0.16953125,3.3184778943,0.0080859375,0.46171875,0.16953125,-0.34375,0.01484375,0.403125,-0.0368359375,-0.44296875,0.0078125,-4.380078125,6.12090625],[351,0.5015625,0.0796875,2.204350475,0.023984375,0.5015625,0.0796875,-0.3125,0.0334375,0.58125,-0.026609375,-0.7284375,0.009375,-4.75390625,6.3994375],[374,0.51484375,0.18390625,1.5171694842,0.0485546875,0.51484375,0.18390625,0.03125,0.01046875,0.365625,-0.0193046875,-0.38859375,0.0040625,-5.875390625,7.23503125],[435,0.5546875,0.1228125,1.1465883824,0.041328125,0.5546875,0.1228125,-0.6875,0.0378125,0.39375,-0.044140625,-0.4565625,0.005625,-4.25546875,5.2853125],[439,0.56796875,0.14078125,2.3668559984,0.0196484375,0.56796875,0.14078125,-0.09375,0.00609375,0.478125,-0.0485234375,-0.76921875,0.0003125,-5.376953125,8.34915625],[499,0.5912204094,0.1875,0.0016604891,0.00375,0.5912204094,0.1875,-0.5076402344,0.005,0.6,-0.05875,-0.427838467,0.0,-2.1123905261,7.9854430304]]}",
        "verified_obj_dataframe": "{\"columns\":[\"index\",\"measure_0\",\"measure_1\",\"objective\",\"solution_0\",\"solution_1\",\"solution_2\",\"solution_3\",\"solution_4\",\"solution_5\",\"solution_6\",\"solution_7\",\"solution_8\",\"solution_9\",\"solution_10\"],\"index\":[0,1,2,3,4,5,6,7,8,9,10,11,12,13,14,15,16,17,18],\"data\":[[39,0.2890625,0.1371875,2.999999952,0.047109375,0.2890625,0.1371875,0.1875,0.0159375,0.43125,-0.049984375,-0.5109375,0.004375,-2.76015625,10.8559375],[49,0.2881515824,0.1875,2.9680700718,0.00375,0.2881515824,0.1875,-0.5623462028,0.005,0.5247555349,-0.05875,-0.81,0.0,-2.9698663631,9.9251575516],[61,0.30234375,0.12640625,2.7235655559,0.0254296875,0.30234375,0.12640625,-0.46875,0.02796875,0.515625,-0.0426796875,-0.60609375,0.0090625,-3.881640625,2.77853125],[99,0.3191007102,0.1875,3.1889889553,0.05,0.3191007102,0.1875,-0.0080564582,0.005,0.3181242558,-0.05875,-0.3998616937,0.0,-2.0125,9.3068645745],[123,0.3421875,0.1803125,3.8863552587,0.018203125,0.3421875,0.1803125,-0.1875,0.0203125,0.54375,-0.020765625,-0.6740625,0.000625,-2.26171875,9.7418125],[124,0.3351834339,0.1875,2.9031604644,0.0455780028,0.3351834339,0.1875,-0.1160778915,0.005,0.3,-0.05875,-0.7277979421,0.0,-2.4320850195,6.751021361],[127,0.35546875,0.08328125,2.4082629675,0.0427734375,0.35546875,0.08328125,-0.59375,0.02359375,0.328125,-0.0251484375,-0.55171875,0.0053125,-3.383203125,3.89265625],[149,0.3631516027,0.1875,2.5981728695,0.00375,0.3631516027,0.1875,-0.75,0.005,0.6,-0.05875,-0.81,0.0,-3.8718368213,5.8710380733],[174,0.3749174743,0.1875,3.0726971112,0.05,0.3749174743,0.1875,0.25,0.005,0.3234538165,-0.05875,-0.81,0.0,-3.3797816065,10.1614019779],[224,0.4072217092,0.1875,2.6659035688,0.00375,0.4072217092,0.1875,-0.417023644,0.005,0.3,-0.05875,-0.375,0.0,-3.0169314907,5.1915728038],[247,0.4234735774,0.1740264697,3.6192238107,0.05,0.4234735774,0.1740264697,-0.1086467129,0.005,0.3,-0.05875,-0.5799359616,0.0,-2.8642224188,10.8021500266],[254,0.4484375,0.0940625,2.2600799493,0.029765625,0.4484375,0.0940625,0.0625,0.0290625,0.46875,-0.055828125,-0.7828125,0.003125,-5.25234375,7.5135625],[274,0.4421281909,0.1875,3.1286641659,0.05,0.4421281909,0.1875,0.25,0.005,0.3,-0.05875,-0.375,0.0,-2.1174350122,11.2007491465],[296,0.46171875,0.16953125,3.3184778943,0.0080859375,0.46171875,0.16953125,-0.34375,0.01484375,0.403125,-0.0368359375,-0.44296875,0.0078125,-4.380078125,6.12090625],[351,0.5015625,0.0796875,2.204350475,0.023984375,0.5015625,0.0796875,-0.3125,0.0334375,0.58125,-0.026609375,-0.7284375,0.009375,-4.75390625,6.3994375],[374,0.51484375,0.18390625,1.5171694842,0.0485546875,0.51484375,0.18390625,0.03125,0.01046875,0.365625,-0.0193046875,-0.38859375,0.0040625,-5.875390625,7.23503125],[435,0.5546875,0.1228125,1.1465883824,0.041328125,0.5546875,0.1228125,-0.6875,0.0378125,0.39375,-0.044140625,-0.4565625,0.005625,-4.25546875,5.2853125],[439,0.56796875,0.14078125,2.3668559984,0.0196484375,0.56796875,0.14078125,-0.09375,0.00609375,0.478125,-0.0485234375,-0.76921875,0.0003125,-5.376953125,8.34915625],[499,0.5912204094,0.1875,0.0016604891,0.00375,0.5912204094,0.1875,-0.5076402344,0.005,0.6,-0.05875,-0.427838467,0.0,-2.1123905261,7.9854430304]]}",