{
    "run_custom_eval_pred_0": {
        "pred_dataframe": "{\"columns\":[\"index\",\"measure_0\",\"measure_1\",\"objective\",\"solution_0\",\"solution_1\",\"solution_2\",\"solution_3\",\"solution_4\",\"solution_5\",\"solution_6\",\"solution_7\",\"solution_8\",\"solution_9\",\"solution_10\"],\"index\":[0,1,2,3,4,5,6,7,8,9,10,11,12,13,14,15,16,17,18,19,20,21,22],\"data\":[[0,0.2625,0.0725,2.3876832298,0.05,0.2625,0.0725,0.25,0.005,0.3,-0.05875,-0.375,0.0,-2.0125,10.8195104698],[24,0.2625,0.1875,2.6819243426,0.0182178442,0.2625,0.1875,-0.3655361267,0.005,0.3,-0.05875,-0.81,0.0,-4.8719835649,7.3076754704],[39,0.2890625,0.1371875,2.999999952,0.047109375,0.2890625,0.1371875,0.1875,0.0159375,0.43125,-0.049984375,-0.5109375,0.004375,-2.76015625,10.8559375],[50,0.3056588082,0.0725,1.5189927373,0.05,0.3056588082,0.0725,-0.1841945984,0.04,0.3,-0.05875,-0.81,0.0,-5.5290001463,5.9647745464],[61,0.30234375,0.12640625,2.7235655559,0.0254296875,0.30234375,0.12640625,-0.46875,0.02796875,0.515625,-0.0426796875,-0.60609375,0.0090625,-3.881640625,2.77853125],[75,0.3229414438,0.0725,1.8878177341,0.05,0.3229414438,0.0725,0.25,0.04,0.3,-0.05875,-0.54943773,0.0,-2.0904367169,10.6745234686],[99,0.3268710569,0.1875,2.6906518577,0.05,0.3268710569,0.1875,-0.3744904037,0.005,0.3268432474,-0.05875,-0.81,0.01,-3.5910577188,3.4258106597],[123,0.3421875,0.1803125,3.8863552587,0.018203125,0.3421875,0.1803125,-0.1875,0.0203125,0.54375,-0.020765625,-0.6740625,0.000625,-2.26171875,9.7418125],[127,0.35546875,0.08328125,2.4082629675,0.0427734375,0.35546875,0.08328125,-0.59375,0.02359375,0.328125,-0.0251484375,-0.55171875,0.0053125,-3.383203125,3.89265625],[150,0.3799843054,0.0725,2.1347175036,0.05,0.3799843054,0.0725,-0.25502255,0.005,0.3,-0.05875,-0.81,0.0,-2.78321929,9.8760210399],[190,0.3968273487,0.1424617369,2.489724008,0.00375,0.3968273487,0.1424617369,-0.0864428025,0.04,0.3,-0.05875,-0.375,0.01,-2.0125,10.1356066109],[217,0.40859375,0.15515625,3.9582603273,0.0369921875,0.40859375,0.15515625,-0.71875,0.01921875,0.590625,-0.0309921875,-0.71484375,0.0065625,-4.878515625,5.00678125],[254,0.4484375,0.0940625,2.2600799493,0.029765625,0.4484375,0.0940625,0.0625,0.0290625,0.46875,-0.055828125,-0.7828125,0.003125,-5.25234375,7.5135625],[274,0.4458121555,0.1875,1.8918041755,0.00375,0.4458121555,0.1875,-0.6251283281,0.04,0.3,-0.05875,-0.7262186249,0.0,-2.3682572771,9.2933749549],[296,0.46171875,0.16953125,3.3184778943,0.0080859375,0.46171875,0.16953125,-0.34375,0.01484375,0.403125,-0.0368359375,-0.44296875,0.0078125,-4.380078125,6.12090625],[299,0.4495170613,0.1875,2.2939556242,0.05,0.4495170613,0.1875,-0.5144143047,0.005,0.6,-0.05875,-0.81,0.01,-2.0125,10.1324682004],[300,0.4790826442,0.0725,1.405789184,0.00375,0.4790826442,0.0725,-0.75,0.04,0.6,-0.05875,-0.5532993539,0.0,-5.848100848,6.1787371635],[325,0.4928266927,0.0725,1.3885756005,0.0250995155,0.4928266927,0.0725,0.25,0.04,0.6,-0.05875,-0.375,0.01,-2.0125,10.0563717211],[351,0.5015625,0.0796875,2.204350475,0.023984375,0.5015625,0.0796875,-0.3125,0.0334375,0.58125,-0.026609375,-0.7284375,0.009375,-4.75390625,6.3994375],[374,0.51484375,0.18390625,1.5171694842,0.0485546875,0.51484375,0.18390625,0.03125,0.01046875,0.365625,-0.0193046875,-0.38859375,0.0040625,-5.875390625,7.23503125],[435,0.5546875,0.1228125,1.1465883824,0.041328125,0.5546875,0.1228125,-0.6875,0.0378125,0.39375,-0.044140625,-0.4565625,0.005625,-4.25546875,5.2853125],[439,0.56796875,0.14078125,2.3668559984,0.0196484375,0.56796875,0.14078125,-0.09375,0.00609375,0.478125,-0.0485234375,-0.76921875,0.0003125,-5.376953125,8.34915625],[600,0.6782305933,0.0725,1.2587931251,0.05,0.6782305933,0.0725,-0.75,0.005,0.5484884428,-0.05875,-0.81,0.0,-2.0125,9.384111095]]}",
        "verified_obj_dataframe": "{\"columns\":[\"index\",\"measure_0\",\"measure_1\",\"objective\",\"solution_0\",\"solution_1\",\"solution_2\",\"solution_3\",\"solution_4\",\"solution_5\",\"solution_6\",\"solution_7\",\"solution_8\",\"solution_9\",\"solution_10\"],\"index\":[0,1,2,3,4,5,6,7,8,9,10,11,12,13,14,15,16,17,18,19,20,21,22],\"data\":[[0,0.2625,0.0725,2.3876832298,0.05,0.2625,0.0725,0.25,0.005,0.3,-0.05875,-0.375,0.0,-2.0125,10.8195104698],[24,0.2625,0.1875,2.6819243426,0.0182178442,0.2625,0.1875,-0.3655361267,0.005,0.3,-0.05875,-0.81,0.0,-4.8719835649,7.3076754704],[39,0.2890625,0.1371875,2.999999952,0.047109375,0.2890625,0.1371875,0.1875,0.0159375,0.43125,-0.049984375,-0.5109375,0.004375,-2.76015625,10.8559375],[50,0.3056588082,0.0725,1.5189927373,0.05,0.3056588082,0.0725,-0.1841945984,0.04,0.3,-0.05875,-0.81,0.0,-5.5290001463,5.9647745464],[61,0.30234375,0.12640625,2.7235655559,0.0254296875,0.30234375,0.12640625,-0.46875,0.02796875,0.515625,-0.0426796875,-0.60609375,0.0090625,-3.881640625,2.77853125],[75,0.3229414438,0.0725,1.8878177341,0.05,0.3229414438,0.0725,0.25,0.04,0.3,-0.05875,-0.54943773,0.0,-2.0904367169,10.6745234686],[99,0.3268710569,0.1875,2.6906518577,0.05,0.3268710569,0.1875,-0.3744904037,0.005,0.3268432474,-0.05875,-0.81,0.01,-3.5910577188,3.4258106597],[123,0.3421875,0.1803125,3.8863552587,0.018203125,0.3421875,0.1803125,-0.1875,0.0203125,0.54375,-0.020765625,-0.6740625,0.000625,-2.26171875,9.7418125],[127,0.35546875,0.08328125,2.4082629675,0.0427734375,0.35546875,0.08328125,-0.59375,0.02359375,0.328125,-0.0251484375,-0.55171875,0.0053125,-3.383203125,3.89265625],[150,0.3799843054,0.0725,2.1347175036,0.05,0.3799843054,0.0725,-0.25502255,0.005,0.3,-0.05875,-0.81,0.0,-2.78321929,9.8760210399],[190,0.3968273487,0.1424617369,2.489724008,0.00375,0.3968273487,0.1424617369,-0.0864428025,0.04,0.3,-0.05875,-0.375,0.01,-2.0125,10.1356066109],[217,0.40859375,0.15515625,3.9582603273,0.0369921875,0.40859375,0.15515625,-0.71875,0.01921875,0.590625,-0.0309921875,-0.71484375,0.0065625,-4.878515625,5.00678125],[254,0.4484375,0.0940625,2.2600799493,0.029765625,0.4484375,0.0940625,0.0625,0.0290625,0.46875,-0.055828125,-0.7828125,0.003125,-5.25234375,7.5135625],[274,0.4458121555,0.1875,1.8918041755,0.00375,0.4458121555,0.1875,-0.6251283281,0.04,0.3,-0.05875,-0.7262186249,0.0,-2.3682572771,9.2933749549],[296,0.46171875,0.16953125,3.3184778943,0.0080859375,0.46171875,0.16953125,-0.34375,0.01484375,0.403125,-0.0368359375,-0.44296875,0.0078125,-4.380078125,6.12090625],[299,0.4495170613,0.1875,2.2939556242,0.05,0.4495170613,0.1875,-0.5144143047,0.005,0.6,-0.05875,-0.81,0.01,-2.0125,10.1324682004],[300,0.4790826442,0.0725,1.405789184,0.00375,0.4790826442,0.0725,-0.75,0.04,0.6,-0.05875,-0.5532993539,0.0,-5.848100848,6.1787371635],[325,0.4928266927,0.0725,1.3885756005,0.0250995155,0.4928266927,0.0725,0.25,0.04,0.6,-0.05875,-0.375,0.01,-2.0125,10.0563717211],[351,0.5015625,0.0796875,2.204350475,0.023984375,0.5015625,0.0796875,-0.3125,0.0334375,0.58125,-0.026609375,-0.7284375,0.009375,-4.75390625,6.3994375],[374,0.51484375,0.18390625,1.5171694842,0.0485546875,0.51484375,0.18390625,0.03125,0.01046875,0.365625,-0.0193046875,-0.38859375,0.0040625,-5.875390625,7.23503125],[435,0.5546875,0.1228125,1.1465883824,0.041328125,0.5546875,0.1228125,-0.6875,0.0378125,0.39375,-0.044140625,-0.4565625,0.005625,-4.25546875,5.2853125],[439,0.56796875,0.14078125,2.3668559984,0.0196484375,0.56796875,0.14078125,-0.09375,0.00609375,0.478125,-0.0485234375,-0.76921875,0.0003125,-5.376953125,8.34915625],[600,0.6782305933,0.0725,1.2587931251,0.05,0.6782305933,0.0725,-0.75,0.005,0.5484884428,-0.05875,-0.81,0.0,-2.0125,9.384111095]]}",