{
    "run_vanilla_0": {
        "pred_dataframe": "{\"columns\":[\"index\",\"measure_0\",\"measure_1\",\"objective\",\"solution_0\",\"solution_1\",\"solution_2\",\"solution_3\",\"solution_4\",\"solution_5\",\"solution_6\",\"solution_7\",\"solution_8\",\"solution_9\",\"solution_10\"],\"index\":[0,1,2,3,4,5,6,7,8,9,10,11,12,13,14,15,16,17,18,19,20,21,22,23,24,25,26,27,28,29,30,31,32],\"data\":[[0,0.2625,0.0725,0.0586770024,0.00375,0.2625,0.0725,-0.75,0.04,0.6,-0.05875,-0.375,0.01,-2.0125,3.1918613673],[19,0.2625,0.1630653563,0.0505574153,0.00375,0.2625,0.1630653563,-0.2284848647,0.005,0.6,-0.05875,-0.81,0.001513625,-2.3357896392,10.2101671342],[24,0.2625,0.1875,0.0519322871,0.00375,0.2625,0.1875,-0.75,0.04,0.6,-0.05875,-0.375,0.01,-2.0125,4.0440793317],[25,0.2944943086,0.0725,0.0226625835,0.018995669,0.2944943086,0.0725,0.00357045,0.005,0.3,-0.05875,-0.81,0.01,-2.0125,11.3147607491],[39,0.2890625,0.1371875,0.0266351184,0.047109375,0.2890625,0.1371875,0.1875,0.0159375,0.43125,-0.05875,-0.5109375,0.004375,-2.76015625,10.8559375],[50,0.3006656901,0.0725,0.0405391188,0.05,0.3006656901,0.0725,0.25,0.04,0.3,-0.05875,-0.81,0.0,-5.4082171838,8.5913962155],[100,0.3436451422,0.0725,0.0514026546,0.00375,0.3436451422,0.0725,-0.7222736774,0.005,0.6,-0.05875,-0.81,0.01,-4.1393607518,3.9154570224],[123,0.3421875,0.1803125,0.0480874317,0.018203125,0.3421875,0.1803125,-0.1875,0.0203125,0.54375,-0.05875,-0.6740625,0.000625,-2.26171875,9.7418125],[127,0.35546875,0.08328125,0.0491485653,0.0427734375,0.35546875,0.08328125,-0.59375,0.02359375,0.328125,-0.05875,-0.55171875,0.0053125,-3.383203125,3.89265625],[199,0.3912421138,0.1875,0.0237785766,0.05,0.3912421138,0.1875,0.0010191925,0.005,0.3,-0.05875,-0.81,0.01,-2.0125,11.0363713194],[225,0.4177811107,0.0725,0.0506335736,0.05,0.4177811107,0.0725,-0.3225451,0.005,0.3,-0.05875,-0.81,0.0,-3.3047198301,10.0102295797],[249,0.4225826367,0.1875,0.0515301986,0.05,0.4225826367,0.1875,-0.5825998828,0.005,0.6,-0.05875,-0.375,0.0,-5.520890221,4.6620380375],[250,0.4373932837,0.0725,0.0509656179,0.05,0.4373932837,0.0725,0.0023209696,0.005,0.3,-0.05875,-0.81,0.01,-6.0,6.2921683793],[254,0.4484375,0.0940625,0.0203599617,0.029765625,0.4484375,0.0940625,0.0625,0.0290625,0.46875,-0.05875,-0.7828125,0.003125,-5.25234375,7.5135625],[281,0.4514671975,0.1046109738,0.052329315,0.00375,0.4514671975,0.1046109738,0.014614395,0.04,0.3,-0.05875,-0.375,0.01,-2.0125,10.5294007217],[296,0.46171875,0.16953125,0.0415777809,0.0080859375,0.46171875,0.16953125,-0.34375,0.01484375,0.403125,-0.05875,-0.44296875,0.0078125,-4.380078125,6.12090625],[325,0.4964465384,0.0725,0.041300487,0.00375,0.4964465384,0.0725,-0.75,0.04,0.6,-0.05875,-0.6636299578,0.0,-6.0,6.2365680771],[349,0.4934627218,0.1875,0.0519405697,0.05,0.4934627218,0.1875,-0.75,0.04,0.6,-0.05875,-0.375,0.0,-4.1274396134,8.6670098329],[351,0.5015625,0.0796875,0.0490669677,0.023984375,0.5015625,0.0796875,-0.3125,0.0334375,0.58125,-0.05875,-0.7284375,0.009375,-4.75390625,6.3994375],[400,0.5361486867,0.0725,0.051388478,0.05,0.5361486867,0.0725,-0.75,0.005,0.4447839451,-0.05875,-0.81,0.0,-2.0125,5.5628528612],[435,0.5546875,0.1228125,0.0687235681,0.041328125,0.5546875,0.1228125,-0.6875,0.0378125,0.39375,-0.05875,-0.4565625,0.005625,-4.25546875,5.2853125],[439,0.56796875,0.14078125,0.0372039934,0.0196484375,0.56796875,0.14078125,-0.09375,0.00609375,0.478125,-0.05875,-0.76921875,0.0003125,-5.376953125,8.34915625],[449,0.5568466225,0.1875,0.0514455651,0.05,0.5568466225,0.1875,-0.75,0.005,0.6,-0.05875,-0.81,0.01,-2.0125,10.5231239007],[450,0.584706894,0.0725,0.0509780421,0.00375,0.584706894,0.0725,-0.3934650786,0.04,0.4945735712,-0.05875,-0.81,0.01,-6.0,4.2327919888],[550,0.641306763,0.0725,0.2267072992,0.00375,0.641306763,0.0725,0.25,0.04,0.6,-0.05875,-0.375,0.01,-3.6422796721,5.1331195416],[574,0.6404918503,0.1875,0.051374614,0.05,0.6404918503,0.1875,-0.75,0.005,0.3,-0.05875,-0.81,0.0,-5.3296363133,7.4771921151],[600,0.6875,0.0725,0.0564576538,0.00375,0.6875,0.0725,-0.4710452732,0.04,0.6,-0.05875,-0.6530040577,0.01,-4.0799188087,4.7804597489],[601,0.6875,0.0801478315,0.1251635852,0.05,0.6875,0.0801478315,0.25,0.04,0.6,-0.05875,-0.375,0.01,-4.8285723971,7.8847899177],[604,0.6875,0.092062673,0.051795436,0.00375,0.6875,0.092062673,0.25,0.04,0.5191174894,-0.05875,-0.723586096,0.0,-3.1540051454,5.028411153],[624,0.6875,0.1875,0.051530956,0.05,0.6875,0.1875,-0.75,0.005,0.3,-0.05875,-0.375,0.01,-4.7422299608,5.3794666562],[500,0.6143425512,0.0725,0.051598305,0.00375,0.6143425512,0.0725,-0.0016522373,0.04,0.3064309034,-0.05875,-0.81,0.01,-2.0125,9.3522847356],[74,0.3123231998,0.1875,0.0516074354,0.00375,0.3123231998,0.1875,-0.75,0.04,0.3,-0.05875,-0.81,0.0,-3.7348258375,3.1885955313],[350,0.5126332046,0.0725,0.0501910783,0.00375,0.5126332046,0.0725,0.25,0.005,0.6,-0.05875,-0.81,0.0,-5.4686472248,5.9988207345]]}",